video,match_beat,match_pnum,match_name,score,margin,second,prompt
beat_28_p04.mp4,beat_02,p02,beat_02_p02,0.2912,0.013,beat_08_p01,"Black-and-white hand-drawn whiteboard sketch animation frame, 16:9 widescreen. Final beat payoff: the frame is dominated by hand-drawn marker digits ""7,200 : 350"" stacked like a fraction, drawn in huge thick black strokes. A hand-drawn red-pencil-style circle (black hatch ring) rings the ratio. Below, a simple line drawing of one stick figure alone on a treadmill inside a room outline, with small text: ""ROOM FOR 350. 7,200 PAYING."" The rest of the frame is clean white board. Bold graphic impact, minimal elements, strong hatching under the fraction. 16:9 widescreen, black ink on white, confident sketch lines, documentary whiteboard style."
beat_24_p02.mp4,beat_05,p01,beat_05_p01,0.2414,0.0047,beat_24_p02,"﻿Black-and-white hand-drawn whiteboard sketch animation frame, 16:9 widescreen. The digits ""$86"" drawn in enormous bold black marker strokes on clean white board, centered in the frame, with rough edges and double-strokes for hand-drawn weight. Beneath, hand-lettered marker text: ""WHAT AMERICANS GUESS THEY SPEND EVERY MONTH"". A small doodled question mark floats beside the digits. Light hatching behind the number for emphasis. Clean minimal composition — the number is the whole story. 16:9 widescreen, black ink on white, documentary whiteboard sketch style."
beat_24_p01.mp4,beat_08,p01,beat_08_p01,0.3437,0.0023,beat_35_p01,"﻿Black-and-white hand-drawn whiteboard sketch animation frame, 16:9 widescreen. A long horizontal timeline drawn in black marker ink on white board, spanning the frame, with tick marks and hand-drawn years: ""1995"", ""2000"", ""2005"", ""2010"", ""2015"", ""2020"", ""2025"". Along the line, small sketch icons rise — a gym, a software box, a streaming card, a phone — each drawn as tiny evolving structures. At the end of the line, a hand-drawn arrow points to a bold caption: ""30 YEARS — BUILT IN PUBLIC"". Hatching beneath the timeline. 16:9 widescreen, black ink only, documentary diagram style."
beat_29_p01.mp4,beat_09,p01,beat_09_p01,0.311,0.0075,beat_13_p02,"﻿Black-and-white hand-drawn whiteboard sketch animation frame, 16:9 widescreen. A whiteboard sketch emphasizing the gym's physicality: a dumbbell rack, a bench press, a cable machine — drawn large in the foreground with detailed hatching on the metal and weight plates. Behind them, faintly, rows of machines recede. The frame shows that a gym is a *thing* you can walk around — unlike software. Small hand-drawn note: ""A PRODUCT YOU CAN SEE AND TOUCH."" 16:9 widescreen, black ink on white, documentary sketch style."
beat_32_p02.mp4,beat_09,p01,beat_09_p01,0.3367,0.0445,beat_61_p02,"﻿Black-and-white hand-drawn whiteboard sketch animation frame, 16:9 widescreen. A whiteboard sketch emphasizing the gym's physicality: a dumbbell rack, a bench press, a cable machine — drawn large in the foreground with detailed hatching on the metal and weight plates. Behind them, faintly, rows of machines recede. The frame shows that a gym is a *thing* you can walk around — unlike software. Small hand-drawn note: ""A PRODUCT YOU CAN SEE AND TOUCH."" 16:9 widescreen, black ink on white, documentary sketch style."
beat_34_p02.mp4,beat_09,p01,beat_09_p01,0.3299,0.0048,beat_11_p02,"﻿Black-and-white hand-drawn whiteboard sketch animation frame, 16:9 widescreen. A whiteboard sketch emphasizing the gym's physicality: a dumbbell rack, a bench press, a cable machine — drawn large in the foreground with detailed hatching on the metal and weight plates. Behind them, faintly, rows of machines recede. The frame shows that a gym is a *thing* you can walk around — unlike software. Small hand-drawn note: ""A PRODUCT YOU CAN SEE AND TOUCH."" 16:9 widescreen, black ink on white, documentary sketch style."
beat_34_p03.mp4,beat_09,p01,beat_09_p01,0.2828,0.0032,beat_11_p01,"﻿Black-and-white hand-drawn whiteboard sketch animation frame, 16:9 widescreen. A whiteboard sketch emphasizing the gym's physicality: a dumbbell rack, a bench press, a cable machine — drawn large in the foreground with detailed hatching on the metal and weight plates. Behind them, faintly, rows of machines recede. The frame shows that a gym is a *thing* you can walk around — unlike software. Small hand-drawn note: ""A PRODUCT YOU CAN SEE AND TOUCH."" 16:9 widescreen, black ink on white, documentary sketch style."
beat_33_p02.mp4,beat_10,p01,beat_10_p01,0.3182,0.0056,beat_09_p01,"﻿Black-and-white hand-drawn whiteboard sketch animation frame, 16:9 widescreen. A whiteboard chart drawn in black marker ink: a horizontal axis labeled ""PEOPLE"", a vertical axis labeled ""COST"". A perfectly flat hand-drawn line runs across the middle of the chart, labeled ""COST TO RUN THE GYM"". Small tick figures along the bottom axis: one figure, then ten, then a crowd — and the line stays flat. A hand-drawn note with an arrow: ""THE SAME. ALWAYS THE SAME."" 16:9 widescreen, black ink on white, documentary chart style."
beat_33_p05.mp4,beat_10,p02,beat_10_p02,0.2761,0.0181,beat_11_p02,"Black-and-white hand-drawn whiteboard sketch animation frame, 16:9 widescreen. A whiteboard payoff frame: a hand-drawn seesaw or balance — on one side, a flat stack of cost blocks labeled ""FIXED COSTS""; on the other, an arrow pointing up labeled ""EVERY EXTRA MEMBER"". Beneath the seesaw, hand-lettered marker text: ""COSTS ARE FIXED. MEMBERS ARE VARIABLE. WATCH WHAT THE EXTRA MEMBER DOES."" The frame sets up the next beat — pure profit until they turn up. 16:9, black ink on white, confident sketchy style."
beat_22_p01.mp4,beat_11,p02,beat_11_p02,0.2741,0.011,beat_11_p01,"Black-and-white hand-drawn whiteboard sketch animation frame, 16:9 widescreen. A whiteboard payoff frame: the empty gym again drawn in the background, faint. In the foreground, a hand-drawn equation: ""MEMBER WHO PAYS − MEMBER WHO COMES = PROFIT"". Below it, a second line: ""MEMBER WHO COMES = COST"". A large hand-drawn question mark floats over the equation, with a small stick figure thinking. Caption: ""SO WHO SHOULD THEY WANT IN THE DOOR?"" — leading to the ideal customer. 16:9, black marker ink on white, sketchy style."
beat_30_p03.mp4,beat_11,p02,beat_11_p02,0.2763,0.0056,beat_09_p01,"Black-and-white hand-drawn whiteboard sketch animation frame, 16:9 widescreen. A whiteboard payoff frame: the empty gym again drawn in the background, faint. In the foreground, a hand-drawn equation: ""MEMBER WHO PAYS − MEMBER WHO COMES = PROFIT"". Below it, a second line: ""MEMBER WHO COMES = COST"". A large hand-drawn question mark floats over the equation, with a small stick figure thinking. Caption: ""SO WHO SHOULD THEY WANT IN THE DOOR?"" — leading to the ideal customer. 16:9, black marker ink on white, sketchy style."
beat_27_p02.mp4,beat_13,p01,beat_13_p01,0.3103,0.0125,beat_60_p01,"﻿Black-and-white hand-drawn whiteboard sketch animation frame, 16:9 widescreen. A whiteboard sketch: a large pie chart drawn in bold black marker, split into two segments — a big segment (two-thirds) filled with heavy hatch shading, and a smaller segment left white. A hand-drawn arrow points to the big segment with a label: ""UP TO 2/3 UNUSED"". The white segment labeled ""USED"". Below, small text: ""INDUSTRY ESTIMATE"". 16:9 widescreen, black ink on white, documentary chart style."
beat_19_p03.mp4,beat_14,p01,beat_14_p01,0.2861,0.0382,beat_33_p01,"﻿Black-and-white hand-drawn whiteboard sketch animation frame, 16:9 widescreen. A near-black whiteboard frame: the entire background filled with heavy cross-hatching (drawn darkness), and in the center, the single word ""BREAKAGE"" emerging in bold white-space strokes — drawn as thick black letters with the board's white showing through, radiating thin light lines behind it. The word is the only element. 16:9 widescreen, black marker ink, high-contrast reveal sketch style."
beat_30_p05.mp4,beat_14,p01,beat_14_p01,0.3299,0.0478,beat_48_p01,"﻿Black-and-white hand-drawn whiteboard sketch animation frame, 16:9 widescreen. A near-black whiteboard frame: the entire background filled with heavy cross-hatching (drawn darkness), and in the center, the single word ""BREAKAGE"" emerging in bold white-space strokes — drawn as thick black letters with the board's white showing through, radiating thin light lines behind it. The word is the only element. 16:9 widescreen, black marker ink, high-contrast reveal sketch style."
beat_32_p03.mp4,beat_15,p02,beat_15_p02,0.3114,0.0051,beat_60_p01,"Black-and-white hand-drawn whiteboard sketch animation frame, 16:9 widescreen. A whiteboard sketch: on the LEFT, a gift card with a small ""1×"" label and a checkmark — fine. On the RIGHT, a calendar with a big hand-drawn ""?"" and a small coin repeating month after month — drawn as repeated coin icons down the page edge. A bold hand-drawn arrow connects the gift card to the calendar, labeled: ""WHAT IF IT BROKE EVERY MONTH?"" The frame sets up the next beat. 16:9 widescreen, black marker ink on white, sketchy documentary style."
beat_51_p01.mp4,beat_15,p02,beat_15_p02,0.3162,0.0048,beat_38_p04,"Black-and-white hand-drawn whiteboard sketch animation frame, 16:9 widescreen. A whiteboard sketch: on the LEFT, a gift card with a small ""1×"" label and a checkmark — fine. On the RIGHT, a calendar with a big hand-drawn ""?"" and a small coin repeating month after month — drawn as repeated coin icons down the page edge. A bold hand-drawn arrow connects the gift card to the calendar, labeled: ""WHAT IF IT BROKE EVERY MONTH?"" The frame sets up the next beat. 16:9 widescreen, black marker ink on white, sketchy documentary style."
beat_33_p03.mp4,beat_17,p01,beat_17_p01,0.3371,0.0411,beat_09_p01,"﻿Black-and-white hand-drawn whiteboard sketch animation frame, 16:9 widescreen. A whiteboard sketch of a 1990s gym storefront drawn in bold black marker: a boxy building with a large sign reading ""BALLY TOTAL FITNESS"" in hand-lettered retro-style marker text, neon-tube-style letters drawn with double outlines, a striped awning, and a glass door. The street is simple: a curb, a lamppost, one car drawn boxy and vintage. Hatching on the building shadow. The frame reads clearly as the 90s. 16:9 widescreen, black ink on white, documentary sketch style."
beat_28_p01.mp4,beat_18,p01,beat_18_p01,0.2534,0.0098,beat_58_p02,"﻿Black-and-white hand-drawn whiteboard sketch animation frame, 16:9 widescreen. A whiteboard sketch: the digits ""1994"" drawn in huge bold black marker strokes in the center, with hatching behind them. Above, smaller hand-drawn text: ""FEDERAL REGULATORS"". Below, a small sketch of a government building with columns. Radiating thin lines around the date (emphasis). The frame is a clean historical marker. 16:9 widescreen, black ink on white, documentary sketch style."
beat_25_p02.mp4,beat_19,p01,beat_19_p01,0.3173,0.0074,beat_20_p01,"﻿Black-and-white hand-drawn whiteboard sketch animation frame, 16:9 widescreen. A whiteboard sketch: a towering stack of complaint letters — individual envelopes drawn as rectangles with scribbled addresses, piled high with hatching. At the top, a hand-drawn banner: ""600+ CONSUMER COMPLAINTS"". A small stick figure stands beside the stack for scale, tiny. The stack dwarfs the figure. 16:9 widescreen, black ink on white, documentary sketch style."
beat_31_p01.mp4,beat_19,p01,beat_19_p01,0.2847,0.013,beat_33_p03,"﻿Black-and-white hand-drawn whiteboard sketch animation frame, 16:9 widescreen. A whiteboard sketch: a towering stack of complaint letters — individual envelopes drawn as rectangles with scribbled addresses, piled high with hatching. At the top, a hand-drawn banner: ""600+ CONSUMER COMPLAINTS"". A small stick figure stands beside the stack for scale, tiny. The stack dwarfs the figure. 16:9 widescreen, black ink on white, documentary sketch style."
beat_31_p04.mp4,beat_19,p01,beat_19_p01,0.3053,0.0015,beat_15_p01,"﻿Black-and-white hand-drawn whiteboard sketch animation frame, 16:9 widescreen. A whiteboard sketch: a towering stack of complaint letters — individual envelopes drawn as rectangles with scribbled addresses, piled high with hatching. At the top, a hand-drawn banner: ""600+ CONSUMER COMPLAINTS"". A small stick figure stands beside the stack for scale, tiny. The stack dwarfs the figure. 16:9 widescreen, black ink on white, documentary sketch style."
beat_22_p03.mp4,beat_19,p02,beat_19_p02,0.3005,0.0122,beat_20_p03,"Black-and-white hand-drawn whiteboard sketch animation frame, 16:9 widescreen. A whiteboard sketch: a split diagram — LEFT, a newspaper ad sketch with a big hand-drawn ""SHORT-TERM ACCESS"" headline and a smiling figure; RIGHT, the same figure now wrapped in a chain labeled ""3 YEARS"". Between them, a bold hand-drawn arrow with the label ""DELIVERED"". Caption beneath: ""WHAT THEY PROMISED. WHAT THEY DELIVERED."" 16:9, black ink on white, diagram style."
beat_34_p01.mp4,beat_19,p02,beat_19_p02,0.2857,0.0023,beat_17_p02,"Black-and-white hand-drawn whiteboard sketch animation frame, 16:9 widescreen. A whiteboard sketch: a split diagram — LEFT, a newspaper ad sketch with a big hand-drawn ""SHORT-TERM ACCESS"" headline and a smiling figure; RIGHT, the same figure now wrapped in a chain labeled ""3 YEARS"". Between them, a bold hand-drawn arrow with the label ""DELIVERED"". Caption beneath: ""WHAT THEY PROMISED. WHAT THEY DELIVERED."" 16:9, black ink on white, diagram style."
beat_42_p04.mp4,beat_19,p02,beat_19_p02,0.2802,0.0101,beat_24_p03,"Black-and-white hand-drawn whiteboard sketch animation frame, 16:9 widescreen. A whiteboard sketch: a split diagram — LEFT, a newspaper ad sketch with a big hand-drawn ""SHORT-TERM ACCESS"" headline and a smiling figure; RIGHT, the same figure now wrapped in a chain labeled ""3 YEARS"". Between them, a bold hand-drawn arrow with the label ""DELIVERED"". Caption beneath: ""WHAT THEY PROMISED. WHAT THEY DELIVERED."" 16:9, black ink on white, diagram style."
beat_24_p06.mp4,beat_19,p03,beat_19_p03,0.346,0.0552,beat_47_p01,"Black-and-white hand-drawn whiteboard sketch animation frame, 16:9 widescreen. A whiteboard sketch: a hand-drawn clipboard with a title: ""REFORMS — BALLY SETTLEMENT"", and three checkbox lines with small icons: ""GRACE PERIOD"" (a small clock), ""CLEARER CANCELLATION PROCEDURES"" (a form icon), ""PRO-RATA REFUNDS"" (a coin icon). Each box has a checkmark drawn in bold. The clipboard is held by a stick-figure hand. 16:9 widescreen, black marker ink on white, diagram style."
beat_29_p03.mp4,beat_19,p04,beat_19_p04,0.2658,0.0015,beat_33_p03,"Black-and-white hand-drawn whiteboard sketch animation frame, 16:9 widescreen. A whiteboard sketch: a stick-figure executive at a desk, writing in a notebook with a thought bubble: ""CONTRACTS CAUSE COMPLAINTS. COMPLAINTS CAUSE SETTLEMENTS. REMOVE THE CONTRACT."" Behind the figure, a small window shows the old gym sign fading. The frame shows the industry reading the lesson. 16:9, black ink on white, sketchy documentary style."
beat_14_p01.mp4,beat_20,p01,beat_20_p01,0.3267,0.0032,beat_57_p02,"﻿Black-and-white hand-drawn whiteboard sketch animation frame, 16:9 widescreen. A whiteboard sketch: a stick figure holding a rolled contract document raised like a club, drawn in bold marker. The document is large and heavy, with ""3 YEARS"" written on it. The figure's posture is strong — holding the document as proof. Caption: ""THE LEGAL OBLIGATION. THE THING YOU CAN POINT AT."" 16:9 widescreen, black ink on white, documentary sketch style."
beat_19_p04.mp4,beat_20,p01,beat_20_p01,0.3378,0.0195,beat_33_p03,"﻿Black-and-white hand-drawn whiteboard sketch animation frame, 16:9 widescreen. A whiteboard sketch: a stick figure holding a rolled contract document raised like a club, drawn in bold marker. The document is large and heavy, with ""3 YEARS"" written on it. The figure's posture is strong — holding the document as proof. Caption: ""THE LEGAL OBLIGATION. THE THING YOU CAN POINT AT."" 16:9 widescreen, black ink on white, documentary sketch style."
beat_28_p02.mp4,beat_20,p01,beat_20_p01,0.287,0.0073,beat_19_p04,"﻿Black-and-white hand-drawn whiteboard sketch animation frame, 16:9 widescreen. A whiteboard sketch: a stick figure holding a rolled contract document raised like a club, drawn in bold marker. The document is large and heavy, with ""3 YEARS"" written on it. The figure's posture is strong — holding the document as proof. Caption: ""THE LEGAL OBLIGATION. THE THING YOU CAN POINT AT."" 16:9 widescreen, black ink on white, documentary sketch style."
beat_28_p03.mp4,beat_20,p01,beat_20_p01,0.3132,0.0143,beat_39_p03,"﻿Black-and-white hand-drawn whiteboard sketch animation frame, 16:9 widescreen. A whiteboard sketch: a stick figure holding a rolled contract document raised like a club, drawn in bold marker. The document is large and heavy, with ""3 YEARS"" written on it. The figure's posture is strong — holding the document as proof. Caption: ""THE LEGAL OBLIGATION. THE THING YOU CAN POINT AT."" 16:9 widescreen, black ink on white, documentary sketch style."
beat_65_p02.mp4,beat_20,p01,beat_20_p01,0.3133,0.0043,beat_39_p01,"﻿Black-and-white hand-drawn whiteboard sketch animation frame, 16:9 widescreen. A whiteboard sketch: a stick figure holding a rolled contract document raised like a club, drawn in bold marker. The document is large and heavy, with ""3 YEARS"" written on it. The figure's posture is strong — holding the document as proof. Caption: ""THE LEGAL OBLIGATION. THE THING YOU CAN POINT AT."" 16:9 widescreen, black ink on white, documentary sketch style."
beat_20_p01.mp4,beat_20,p02,beat_20_p02,0.2969,0.0019,beat_20_p01,"Black-and-white hand-drawn whiteboard sketch animation frame, 16:9 widescreen. A whiteboard sketch: a single document page standing upright in the frame, drawn bold — with a danger vibe: radiating warning lines behind it, and a small hand-drawn label on it: ""LEGAL OBLIGATION"". Beneath the document, a growing shadow drawn as dark hatching — the shadow is labeled ""COMPLAINTS → ATTORNEYS GENERAL → SETTLEMENTS"". The document creates a chain reaction. 16:9, black ink only, sketchy documentary style."
beat_25_p01.mp4,beat_20,p03,beat_20_p03,0.3258,0.0201,beat_20_p01,"Black-and-white hand-drawn whiteboard sketch animation frame, 16:9 widescreen. A whiteboard sketch: a stick figure holding up a contract document before a small crowd of stick figures (the public), drawn with a determined posture. The crowd leans in. Above, a small newspaper sketch with a headline: ""GYM CHAIN ACCUSED"". The document is the figure's power. Caption: ""ONE DOCUMENT. AN ARMY OF SYMPATHY."" 16:9 widescreen, black ink on white, sketchy documentary style."
beat_31_p02.mp4,beat_22,p02,beat_22_p02,0.3144,0.034,beat_43_p02,"Black-and-white hand-drawn whiteboard sketch animation frame, 16:9 widescreen. A whiteboard sketch: a two-panel comparison. LEFT panel: ""BALLY"" — a labyrinth drawing with a chain and a document, labeled ""THE TRAP"". RIGHT panel: ""PLANET FITNESS"" — a simple door with a hand turning a knob, labeled ""THE EXIT"". A bold hand-drawn arrow between them. Caption: ""ONE MADE LEAVING A FIGHT. ONE MADE IT A DOOR."" 16:9 widescreen, black ink on white, diagram style."
beat_32_p01.mp4,beat_22,p03,beat_22_p03,0.2981,0.0392,beat_62_p01,"Black-and-white hand-drawn whiteboard sketch animation frame, 16:9 widescreen. A whiteboard payoff frame: the word ""FRIENDLY"" drawn in bold marker with a circle around it, and beneath it a hand-drawn equation: ""CONSUMER-FRIENDLY ≠ PROFIT-KILLING"". Small icons: a smiling customer with coins flowing to a gym, and a chain broken on the ground. Caption: ""THE MOST CONSUMER-FRIENDLY GYM IN AMERICA — EXACTLY THE POINT."" 16:9, black ink only, confident sketchy style."
beat_38_p01.mp4,beat_22,p03,beat_22_p03,0.2964,0.0008,beat_25_p02,"Black-and-white hand-drawn whiteboard sketch animation frame, 16:9 widescreen. A whiteboard payoff frame: the word ""FRIENDLY"" drawn in bold marker with a circle around it, and beneath it a hand-drawn equation: ""CONSUMER-FRIENDLY ≠ PROFIT-KILLING"". Small icons: a smiling customer with coins flowing to a gym, and a chain broken on the ground. Caption: ""THE MOST CONSUMER-FRIENDLY GYM IN AMERICA — EXACTLY THE POINT."" 16:9, black ink only, confident sketchy style."
beat_40_p03.mp4,beat_22,p03,beat_22_p03,0.2796,0.0034,beat_60_p01,"Black-and-white hand-drawn whiteboard sketch animation frame, 16:9 widescreen. A whiteboard payoff frame: the word ""FRIENDLY"" drawn in bold marker with a circle around it, and beneath it a hand-drawn equation: ""CONSUMER-FRIENDLY ≠ PROFIT-KILLING"". Small icons: a smiling customer with coins flowing to a gym, and a chain broken on the ground. Caption: ""THE MOST CONSUMER-FRIENDLY GYM IN AMERICA — EXACTLY THE POINT."" 16:9, black ink only, confident sketchy style."
beat_36_p02.mp4,beat_24,p03,beat_24_p03,0.2945,0.0277,beat_65_p01,"Black-and-white hand-drawn whiteboard sketch animation frame, 16:9 widescreen. A whiteboard sketch: a stick figure searching frantically — drawn with motion lines and a magnifying glass — in front of a phone, a laptop, and an old tablet, each with a small ""?"" above. A speech bubble: ""WHICH PHONE WAS THE LOGIN ON?"" Doodle arrows zigzag between devices. Caption: ""FIND THE LOGIN YOU SET UP ON A DIFFERENT PHONE."" 16:9 widescreen, black marker ink on white, sketchy documentary style."
beat_36_p03.mp4,beat_24,p04,beat_24_p04,0.3149,0.0314,beat_57_p02,"Black-and-white hand-drawn whiteboard sketch animation frame, 16:9 widescreen. A whiteboard sketch: a clock face with a section of the dial hatched and labeled ""20 MINUTES"". Below the clock, a small figure at a desk scrolling a phone, drawn with a tired slouch and a small sweat drop. Caption: ""TWENTY MINUTES OF IRRITATION — TO RECOVER TEN DOLLARS."" 16:9 widescreen, black marker ink on white, sketchy documentary style."
beat_37_p01.mp4,beat_24,p04,beat_24_p04,0.2646,0.0044,beat_24_p05,"Black-and-white hand-drawn whiteboard sketch animation frame, 16:9 widescreen. A whiteboard sketch: a clock face with a section of the dial hatched and labeled ""20 MINUTES"". Below the clock, a small figure at a desk scrolling a phone, drawn with a tired slouch and a small sweat drop. Caption: ""TWENTY MINUTES OF IRRITATION — TO RECOVER TEN DOLLARS."" 16:9 widescreen, black marker ink on white, sketchy documentary style."
beat_38_p02.mp4,beat_26,p01,beat_26_p01,0.3112,0.0075,beat_40_p03,"﻿Black-and-white hand-drawn whiteboard sketch animation frame, 16:9 widescreen. A whiteboard sketch: two stick figures — one drawn solid, labeled ""THE PERSON WHO PLANS"" (with a calendar in hand); one drawn dashed, labeled ""THE PERSON ON TUESDAY"" (with a sofa). A thin hand-drawn line connects them, with a small price tag on the line: ""THE MEMBERSHIP BILLS THE GAP."" The two versions of one person. 16:9 widescreen, black marker ink on white, sketchy documentary style."
beat_01_p01.mp4,beat_28,p01,beat_28_p01,0.306,0.0077,beat_33_p03,"﻿Black-and-white hand-drawn whiteboard sketch animation frame, 16:9 widescreen. A whiteboard sketch: a classic software box drawn in bold black marker — a rectangular box with shrink-wrap highlights (thin diagonal lines), a simple logo scribble on the front, and a big price tag: ""$700"". The box sits on a flat surface with hatch shading beneath it. A small label on the box: ""PHOTOSHOP"". The box is the product — physical, heavy, real. 16:9 widescreen, black ink on white, documentary sketch style."
beat_20_p04.mp4,beat_29,p02,beat_29_p02,0.3026,0.0005,beat_04_p01,"Black-and-white hand-drawn whiteboard sketch animation frame, 16:9 widescreen. A whiteboard sketch: a storefront counter with a crowd of stick figures pushing forward, holding coins and old software boxes, a sign: ""NEW VERSION OUT"". A burst of radiating lines behind the crowd. The scene is the spike made physical. Caption: ""EVERYBODY UPGRADES — ONCE."" 16:9 widescreen, black marker ink on white, sketchy documentary style."
beat_40_p02.mp4,beat_29,p02,beat_29_p02,0.346,0.0556,beat_41_p04,"Black-and-white hand-drawn whiteboard sketch animation frame, 16:9 widescreen. A whiteboard sketch: a storefront counter with a crowd of stick figures pushing forward, holding coins and old software boxes, a sign: ""NEW VERSION OUT"". A burst of radiating lines behind the crowd. The scene is the spike made physical. Caption: ""EVERYBODY UPGRADES — ONCE."" 16:9 widescreen, black marker ink on white, sketchy documentary style."
beat_18_p01.mp4,beat_30,p01,beat_30_p01,0.2697,0.0145,beat_57_p02,"﻿Black-and-white hand-drawn whiteboard sketch animation frame, 16:9 widescreen. A whiteboard sketch: a calendar page drawn in bold black marker, with ""MAY 6, 2013"" written large on it, the date circled heavily with radiating emphasis lines. The page is torn at the corner. Hatch shading behind the calendar. The date is the pivot of the story. 16:9 widescreen, black ink on white, documentary sketch style."
beat_18_p02.mp4,beat_30,p01,beat_30_p01,0.2801,0.0019,beat_15_p02,"﻿Black-and-white hand-drawn whiteboard sketch animation frame, 16:9 widescreen. A whiteboard sketch: a calendar page drawn in bold black marker, with ""MAY 6, 2013"" written large on it, the date circled heavily with radiating emphasis lines. The page is torn at the corner. Hatch shading behind the calendar. The date is the pivot of the story. 16:9 widescreen, black ink on white, documentary sketch style."
beat_41_p01.mp4,beat_30,p01,beat_30_p01,0.3432,0.0408,beat_40_p03,"﻿Black-and-white hand-drawn whiteboard sketch animation frame, 16:9 widescreen. A whiteboard sketch: a calendar page drawn in bold black marker, with ""MAY 6, 2013"" written large on it, the date circled heavily with radiating emphasis lines. The page is torn at the corner. Hatch shading behind the calendar. The date is the pivot of the story. 16:9 widescreen, black ink on white, documentary sketch style."
beat_41_p05.mp4,beat_30,p01,beat_30_p01,0.3481,0.0332,beat_13_p02,"﻿Black-and-white hand-drawn whiteboard sketch animation frame, 16:9 widescreen. A whiteboard sketch: a calendar page drawn in bold black marker, with ""MAY 6, 2013"" written large on it, the date circled heavily with radiating emphasis lines. The page is torn at the corner. Hatch shading behind the calendar. The date is the pivot of the story. 16:9 widescreen, black ink on white, documentary sketch style."
beat_41_p02.mp4,beat_30,p02,beat_30_p02,0.3054,0.0065,beat_33_p03,"Black-and-white hand-drawn whiteboard sketch animation frame, 16:9 widescreen. A whiteboard sketch: a stick-figure executive standing on a small stage, holding two items — a functioning software box and a ""REASONS TO REBUY"" checklist that is empty. The figure looks uncomfortable (drawn with a wavy sweat line). A thought bubble: ""WE HAVE TO INVENT REASONS."" Caption: ""THE UNCOMFORTABLE POSITION OF SELLING A TOOL THAT WORKS."" 16:9 widescreen, black ink on white, documentary style."
beat_41_p03.mp4,beat_30,p03,beat_30_p03,0.2854,0.0084,beat_33_p03,"Black-and-white hand-drawn whiteboard sketch animation frame, 16:9 widescreen. A whiteboard sketch: a corridor with two doors — the left door labeled ""PHOTOSHOP — ONE-TIME BUY"" has a bold X and ""CLOSED"" sign; the right door labeled ""CREATIVE CLOUD — MONTHLY"" is open with light radiating. A stick figure hesitates between them. Caption: ""THE ONLY WAY TO GET PHOTOSHOP WAS THE SUBSCRIPTION."" 16:9, black marker ink on white, sketchy documentary style."
beat_41_p04.mp4,beat_30,p04,beat_30_p04,0.2951,0.0004,beat_17_p02,"Black-and-white hand-drawn whiteboard sketch animation frame, 16:9 widescreen. A whiteboard sketch: a key icon drawn in bold strokes, but its teeth are fading (dashed outline) and it's attached to a chain that runs off-frame into a cloud shape. A small label: ""YOURS — FADING"". Caption: ""THE KEY WAS GONE. ACCESS BECAME A RENTAL."" 16:9, black ink only, sketchy documentary style."
beat_42_p02.mp4,beat_31,p02,beat_31_p02,0.3015,0.0207,beat_60_p01,"Black-and-white hand-drawn whiteboard sketch animation frame, 16:9 widescreen. A whiteboard sketch: a split comparison — LEFT: a designer with a box labeled ""STOPPED PAYING — KEEPS TOOLS"" (with a checkmark); RIGHT: the same designer with a monitor now showing a lock icon, labeled ""STOPPED PAYING — FILES UNOPENABLE"" (with an X). Caption: ""UNDER THE NEW MODEL, STOPPING PAID MEANT LOSING YOUR WORK."" 16:9, black marker ink on white, sketchy documentary style."
beat_42_p03.mp4,beat_31,p03,beat_31_p03,0.3654,0.0284,beat_53_p01,"Black-and-white hand-drawn whiteboard sketch animation frame, 16:9 widescreen. A whiteboard sketch: a large wave drawn in bold strokes — drawn with swirling motion lines and hatching — labeled ""THE BACKLASH"", crashing against a small company building icon on a cliff. Spray marks drawn as small radiating dots. The wave is the anger made physical. 16:9 widescreen, black ink on white, documentary sketch style."
beat_42_p05.mp4,beat_32,p01,beat_32_p01,0.2644,0.0008,beat_39_p01,"﻿Black-and-white hand-drawn whiteboard sketch animation frame, 16:9 widescreen. A whiteboard sketch: ""$1.23B"" drawn small and light on the LEFT with a label ""2013"" beneath it, and ""$18.28B"" drawn enormous and heavy on the RIGHT with a label ""2023"". A bold hand-drawn arrow with hatching connects them. Radiating emphasis lines around the big number. Caption: ""SUBSCRIPTION REVENUE."" 16:9 widescreen, black ink on white, documentary sketch style."
beat_43_p01.mp4,beat_32,p03,beat_32_p03,0.2967,0.0032,beat_33_p01,"Black-and-white hand-drawn whiteboard sketch animation frame, 16:9 widescreen. A whiteboard sketch: the rising revenue curve drawn across the bottom of the frame, and floating above it a big hand-drawn question mark with a small label: ""DID PHOTOSHOP GET 15× BETTER?"" A tiny stick figure at the edge of the chart looks up at the question. The frame sets up the next beat's reversal. 16:9, black ink on white, documentary sketch style."
beat_43_p02.mp4,beat_33,p01,beat_33_p01,0.3058,0.0239,beat_34_p03,"﻿Black-and-white hand-drawn whiteboard sketch animation frame, 16:9 widescreen. A whiteboard sketch: ""15×"" drawn in enormous bold black marker with a heavy hand-drawn slash crossing it out, radiating impact lines. Beneath, smaller text: ""BETTER? NO."" Caption: ""ADOBE DID NOT GET 15× BETTER AT MAKING SOFTWARE."" 16:9 widescreen, black ink on white, documentary sketch style."
beat_44_p01.mp4,beat_33,p02,beat_33_p02,0.3077,0.0136,beat_31_p02,"Black-and-white hand-drawn whiteboard sketch animation frame, 16:9 widescreen. A whiteboard sketch: the word ""OWNED"" drawn in solid bold strokes on the left, a heavy hand-drawn arrow with hatching, and the word ""RENTED"" on the right drawn equally bold. Beneath the arrow, a small key icon transforming into a cloud icon. Caption: ""WHAT CHANGED WAS NOT THE PRODUCT. IT WAS THE OWNERSHIP."" 16:9 widescreen, black ink on white, diagram style."
beat_09_p01.mp4,beat_33,p03,beat_33_p03,0.3247,0.0155,beat_20_p01,"Black-and-white hand-drawn whiteboard sketch animation frame, 16:9 widescreen. A whiteboard sketch: a designer figure standing next to a large stack of finished work (drawn as a pile of documents and images with a trophy on top), with a monthly payment card floating above the stack — the work depends on the payment continuing. Caption: ""A CUSTOMER WHO MUST KEEP PAYING TO KEEP WHAT THEY'VE ALREADY MADE."" 16:9, black marker ink on white, documentary style."
beat_17_p01.mp4,beat_33,p03,beat_33_p03,0.2486,0.0037,beat_11_p01,"Black-and-white hand-drawn whiteboard sketch animation frame, 16:9 widescreen. A whiteboard sketch: a designer figure standing next to a large stack of finished work (drawn as a pile of documents and images with a trophy on top), with a monthly payment card floating above the stack — the work depends on the payment continuing. Caption: ""A CUSTOMER WHO MUST KEEP PAYING TO KEEP WHAT THEY'VE ALREADY MADE."" 16:9, black marker ink on white, documentary style."
beat_21_p01.mp4,beat_33,p03,beat_33_p03,0.3007,0.0005,beat_39_p01,"Black-and-white hand-drawn whiteboard sketch animation frame, 16:9 widescreen. A whiteboard sketch: a designer figure standing next to a large stack of finished work (drawn as a pile of documents and images with a trophy on top), with a monthly payment card floating above the stack — the work depends on the payment continuing. Caption: ""A CUSTOMER WHO MUST KEEP PAYING TO KEEP WHAT THEY'VE ALREADY MADE."" 16:9, black marker ink on white, documentary style."
beat_40_p01.mp4,beat_33,p03,beat_33_p03,0.3117,0.0132,beat_33_p05,"Black-and-white hand-drawn whiteboard sketch animation frame, 16:9 widescreen. A whiteboard sketch: a designer figure standing next to a large stack of finished work (drawn as a pile of documents and images with a trophy on top), with a monthly payment card floating above the stack — the work depends on the payment continuing. Caption: ""A CUSTOMER WHO MUST KEEP PAYING TO KEEP WHAT THEY'VE ALREADY MADE."" 16:9, black marker ink on white, documentary style."
beat_44_p02.mp4,beat_33,p03,beat_33_p03,0.3017,0.0181,beat_29_p02,"Black-and-white hand-drawn whiteboard sketch animation frame, 16:9 widescreen. A whiteboard sketch: a designer figure standing next to a large stack of finished work (drawn as a pile of documents and images with a trophy on top), with a monthly payment card floating above the stack — the work depends on the payment continuing. Caption: ""A CUSTOMER WHO MUST KEEP PAYING TO KEEP WHAT THEY'VE ALREADY MADE."" 16:9, black marker ink on white, documentary style."
beat_39_p03.mp4,beat_33,p04,beat_33_p04,0.2666,0.0003,beat_28_p03,"Black-and-white hand-drawn whiteboard sketch animation frame, 16:9 widescreen. A whiteboard sketch: a small hand-drawn arrow labeled ""SOFTWARE IMPROVED — A LITTLE"" pointing slightly upward, drawn thin and modest; and a second arrow drawn huge and bold labeled ""OWNERSHIP CHANGED — COMPLETELY"" pointing steeply upward. Caption: ""THE SOFTWARE IMPROVED. THE ECONOMIC RELATIONSHIP CHANGED MORE."" 16:9, black ink only, sketchy documentary style."
beat_44_p03.mp4,beat_33,p04,beat_33_p04,0.302,0.0257,beat_33_p03,"Black-and-white hand-drawn whiteboard sketch animation frame, 16:9 widescreen. A whiteboard sketch: a small hand-drawn arrow labeled ""SOFTWARE IMPROVED — A LITTLE"" pointing slightly upward, drawn thin and modest; and a second arrow drawn huge and bold labeled ""OWNERSHIP CHANGED — COMPLETELY"" pointing steeply upward. Caption: ""THE SOFTWARE IMPROVED. THE ECONOMIC RELATIONSHIP CHANGED MORE."" 16:9, black ink only, sketchy documentary style."
beat_16_p01.mp4,beat_33,p05,beat_33_p05,0.2601,0.0077,beat_33_p03,"Black-and-white hand-drawn whiteboard sketch animation frame, 16:9 widescreen. A whiteboard sketch: two machines drawn side by side — LEFT: a box with a gear labeled ""SELL ONCE"" (one coin out, then dust); RIGHT: a box labeled ""RENT FOREVER"" with a continuous stream of coins. A hand-drawn label beneath: ""THAT IS A DIFFERENT MACHINE."" The contrast is the conclusion. 16:9, black ink on white, diagram style."
beat_38_p04.mp4,beat_33,p05,beat_33_p05,0.2788,0.0142,beat_60_p01,"Black-and-white hand-drawn whiteboard sketch animation frame, 16:9 widescreen. A whiteboard sketch: two machines drawn side by side — LEFT: a box with a gear labeled ""SELL ONCE"" (one coin out, then dust); RIGHT: a box labeled ""RENT FOREVER"" with a continuous stream of coins. A hand-drawn label beneath: ""THAT IS A DIFFERENT MACHINE."" The contrast is the conclusion. 16:9, black ink on white, diagram style."
beat_45_p01.mp4,beat_33,p05,beat_33_p05,0.3279,0.0389,beat_64_p02,"Black-and-white hand-drawn whiteboard sketch animation frame, 16:9 widescreen. A whiteboard sketch: two machines drawn side by side — LEFT: a box with a gear labeled ""SELL ONCE"" (one coin out, then dust); RIGHT: a box labeled ""RENT FOREVER"" with a continuous stream of coins. A hand-drawn label beneath: ""THAT IS A DIFFERENT MACHINE."" The contrast is the conclusion. 16:9, black ink on white, diagram style."
beat_46_p01.mp4,beat_34,p01,beat_34_p01,0.3028,0.0391,beat_14_p01,"﻿Black-and-white hand-drawn whiteboard sketch animation frame, 16:9 widescreen. A whiteboard sketch: the equation ""ANGER ≠ CHURN"" drawn in bold black marker — with the ""≠"" drawn oversized and heavy. On the left side, a small storm cloud icon (anger); on the right side, a small coin with a checkmark (still subscribed). Hatch shading behind the ≠. The equation is the lesson. 16:9 widescreen, black ink on white, documentary sketch style."
beat_46_p02.mp4,beat_34,p02,beat_34_p02,0.2627,0.0014,beat_34_p01,"Black-and-white hand-drawn whiteboard sketch animation frame, 16:9 widescreen. A whiteboard sketch: two vertical meters — LEFT labeled ""ANGER"" with the needle pinned high; RIGHT labeled ""REVENUE"" with the needle also pinned high. Both meters drawn with bold strokes and hatching. A hand-drawn note between them: ""BOTH WENT UP."" Caption: ""THE ANGER WAS REAL. THE RESULT WAS REALER."" 16:9 widescreen, black ink on white, diagram style."
beat_46_p03.mp4,beat_34,p03,beat_34_p03,0.3735,0.0511,beat_46_p03,"Black-and-white hand-drawn whiteboard sketch animation frame, 16:9 widescreen. A whiteboard payoff frame: the words ""THE BACKLASH DOESN'T MATTER"" drawn in huge bold black marker letters, centered, with heavy hatching behind them. Small text beneath: ""THAT'S THE LESSON THE WHOLE MARKET TOOK."" The frame holds on the terrible idea. 16:9, black ink only, confident sketchy style."
beat_48_p02.mp4,beat_36,p02,beat_36_p02,0.392,0.0398,beat_30_p02,"Black-and-white hand-drawn whiteboard sketch animation frame, 16:9 widescreen. A whiteboard sketch: a chaotic tangle of cables behind a TV — drawn as looping scribbled lines in bold strokes with heavy hatching in the tangle — a cable box and a router buried inside. The tangle is drawn dark and dense, the TV above clean. Caption: ""THE BOX. THE CABLES. THE BILL."" 16:9 widescreen, black ink on white, documentary sketch style."
beat_48_p03.mp4,beat_36,p02,beat_36_p02,0.3302,0.0012,beat_36_p03,"Black-and-white hand-drawn whiteboard sketch animation frame, 16:9 widescreen. A whiteboard sketch: a chaotic tangle of cables behind a TV — drawn as looping scribbled lines in bold strokes with heavy hatching in the tangle — a cable box and a router buried inside. The tangle is drawn dark and dense, the TV above clean. Caption: ""THE BOX. THE CABLES. THE BILL."" 16:9 widescreen, black ink on white, documentary sketch style."
beat_49_p01.mp4,beat_37,p01,beat_37_p01,0.3347,0.0266,beat_60_p01,"﻿Black-and-white hand-drawn whiteboard sketch animation frame, 16:9 widescreen. A whiteboard sketch: on the LEFT, a single tall stack of discs or cards labeled ""ONE SERVICE"", and a bold hand-drawn arrow splitting it apart into multiple smaller stacks on the RIGHT — each drawn with a small label scribble. The split is drawn with radiating crack lines. Caption: ""THE CATALOGUE SPLIT."" 16:9 widescreen, black ink on white, diagram sketch style."
beat_49_p03.mp4,beat_37,p03,beat_37_p03,0.3096,0.0102,beat_39_p03,"Black-and-white hand-drawn whiteboard sketch animation frame, 16:9 widescreen. A whiteboard sketch: a single large bill (the old cable bill, drawn faded/dashed in the background) being reassembled from five separate small cards in the foreground — the small cards sliding together along hand-drawn arrows. A hand-drawn note: ""THE BUNDLE, REBUILT ONE CARD AT A TIME."" The frame sets up the numbers ahead. 16:9, black marker ink on white, documentary sketch style."
beat_50_p01.mp4,beat_38,p01,beat_38_p01,0.2862,0.0344,beat_36_p02,"﻿Black-and-white hand-drawn whiteboard sketch animation frame, 16:9 widescreen. A whiteboard sketch: ""4.7"" drawn in huge bold black marker with a label beneath: ""STREAMING SERVICES PER HOUSEHOLD"". Beneath that, smaller: ""$61 / MONTH COMBINED"". A hand-drawn house icon in the corner with radiating lines. Hatch shading behind the numbers. The frame is a pure stat reveal. 16:9 widescreen, black ink on white, documentary sketch style."
beat_50_p02.mp4,beat_38,p01,beat_38_p01,0.2855,0.0082,beat_58_p02,"﻿Black-and-white hand-drawn whiteboard sketch animation frame, 16:9 widescreen. A whiteboard sketch: ""4.7"" drawn in huge bold black marker with a label beneath: ""STREAMING SERVICES PER HOUSEHOLD"". Beneath that, smaller: ""$61 / MONTH COMBINED"". A hand-drawn house icon in the corner with radiating lines. Hatch shading behind the numbers. The frame is a pure stat reveal. 16:9 widescreen, black ink on white, documentary sketch style."
beat_56_p01.mp4,beat_38,p04,beat_38_p04,0.2886,0.0075,beat_60_p01,"Black-and-white hand-drawn whiteboard sketch animation frame, 16:9 widescreen. A whiteboard sketch: a monthly calendar page with small recurring charge ticks across all days, and beside it a stack of five small bills that visually equals one old large bill (drawn dashed behind them, same height). A hand-drawn equal sign between them. Caption: ""THE SAME SHAPE AS BEFORE. DIFFERENT NAME."" — sets up the six-small-bills idea. 16:9, black ink on white, diagram sketch style."
beat_11_p01.mp4,beat_39,p01,beat_39_p01,0.2731,0.0003,beat_38_p04,"﻿Black-and-white hand-drawn whiteboard sketch animation frame, 16:9 widescreen. A whiteboard sketch: a single large bill on the LEFT, and a bold hand-drawn crack/fracture splitting it into six smaller bills on the RIGHT — drawn with radiating crack lines and hatching. The total area of the six bills visually matches the one big bill. A hand-drawn note: ""SAME TOTAL"". 16:9 widescreen, black ink on white, diagram sketch style."
beat_17_p02.mp4,beat_39,p01,beat_39_p01,0.2681,0.002,beat_60_p01,"﻿Black-and-white hand-drawn whiteboard sketch animation frame, 16:9 widescreen. A whiteboard sketch: a single large bill on the LEFT, and a bold hand-drawn crack/fracture splitting it into six smaller bills on the RIGHT — drawn with radiating crack lines and hatching. The total area of the six bills visually matches the one big bill. A hand-drawn note: ""SAME TOTAL"". 16:9 widescreen, black ink on white, diagram sketch style."
beat_24_p03.mp4,beat_39,p01,beat_39_p01,0.2861,0.0011,beat_07_p02,"﻿Black-and-white hand-drawn whiteboard sketch animation frame, 16:9 widescreen. A whiteboard sketch: a single large bill on the LEFT, and a bold hand-drawn crack/fracture splitting it into six smaller bills on the RIGHT — drawn with radiating crack lines and hatching. The total area of the six bills visually matches the one big bill. A hand-drawn note: ""SAME TOTAL"". 16:9 widescreen, black ink on white, diagram sketch style."
beat_26_p01.mp4,beat_39,p01,beat_39_p01,0.3238,0.0024,beat_38_p04,"﻿Black-and-white hand-drawn whiteboard sketch animation frame, 16:9 widescreen. A whiteboard sketch: a single large bill on the LEFT, and a bold hand-drawn crack/fracture splitting it into six smaller bills on the RIGHT — drawn with radiating crack lines and hatching. The total area of the six bills visually matches the one big bill. A hand-drawn note: ""SAME TOTAL"". 16:9 widescreen, black ink on white, diagram sketch style."
beat_27_p01.mp4,beat_39,p01,beat_39_p01,0.332,0.011,beat_38_p04,"﻿Black-and-white hand-drawn whiteboard sketch animation frame, 16:9 widescreen. A whiteboard sketch: a single large bill on the LEFT, and a bold hand-drawn crack/fracture splitting it into six smaller bills on the RIGHT — drawn with radiating crack lines and hatching. The total area of the six bills visually matches the one big bill. A hand-drawn note: ""SAME TOTAL"". 16:9 widescreen, black ink on white, diagram sketch style."
beat_30_p01.mp4,beat_39,p01,beat_39_p01,0.2905,0.0216,beat_38_p04,"﻿Black-and-white hand-drawn whiteboard sketch animation frame, 16:9 widescreen. A whiteboard sketch: a single large bill on the LEFT, and a bold hand-drawn crack/fracture splitting it into six smaller bills on the RIGHT — drawn with radiating crack lines and hatching. The total area of the six bills visually matches the one big bill. A hand-drawn note: ""SAME TOTAL"". 16:9 widescreen, black ink on white, diagram sketch style."
beat_37_p02.mp4,beat_39,p01,beat_39_p01,0.2928,0.0045,beat_24_p06,"﻿Black-and-white hand-drawn whiteboard sketch animation frame, 16:9 widescreen. A whiteboard sketch: a single large bill on the LEFT, and a bold hand-drawn crack/fracture splitting it into six smaller bills on the RIGHT — drawn with radiating crack lines and hatching. The total area of the six bills visually matches the one big bill. A hand-drawn note: ""SAME TOTAL"". 16:9 widescreen, black ink on white, diagram sketch style."
beat_37_p03.mp4,beat_39,p01,beat_39_p01,0.299,0.0122,beat_60_p01,"﻿Black-and-white hand-drawn whiteboard sketch animation frame, 16:9 widescreen. A whiteboard sketch: a single large bill on the LEFT, and a bold hand-drawn crack/fracture splitting it into six smaller bills on the RIGHT — drawn with radiating crack lines and hatching. The total area of the six bills visually matches the one big bill. A hand-drawn note: ""SAME TOTAL"". 16:9 widescreen, black ink on white, diagram sketch style."
beat_48_p01.mp4,beat_39,p01,beat_39_p01,0.3299,0.0154,beat_60_p01,"﻿Black-and-white hand-drawn whiteboard sketch animation frame, 16:9 widescreen. A whiteboard sketch: a single large bill on the LEFT, and a bold hand-drawn crack/fracture splitting it into six smaller bills on the RIGHT — drawn with radiating crack lines and hatching. The total area of the six bills visually matches the one big bill. A hand-drawn note: ""SAME TOTAL"". 16:9 widescreen, black ink on white, diagram sketch style."
beat_52_p01.mp4,beat_39,p01,beat_39_p01,0.3311,0.0267,beat_25_p02,"﻿Black-and-white hand-drawn whiteboard sketch animation frame, 16:9 widescreen. A whiteboard sketch: a single large bill on the LEFT, and a bold hand-drawn crack/fracture splitting it into six smaller bills on the RIGHT — drawn with radiating crack lines and hatching. The total area of the six bills visually matches the one big bill. A hand-drawn note: ""SAME TOTAL"". 16:9 widescreen, black ink on white, diagram sketch style."
beat_63_p01.mp4,beat_39,p01,beat_39_p01,0.3321,0.0293,beat_38_p04,"﻿Black-and-white hand-drawn whiteboard sketch animation frame, 16:9 widescreen. A whiteboard sketch: a single large bill on the LEFT, and a bold hand-drawn crack/fracture splitting it into six smaller bills on the RIGHT — drawn with radiating crack lines and hatching. The total area of the six bills visually matches the one big bill. A hand-drawn note: ""SAME TOTAL"". 16:9 widescreen, black ink on white, diagram sketch style."
beat_64_p01.mp4,beat_39,p01,beat_39_p01,0.2943,0.0054,beat_42_p05,"﻿Black-and-white hand-drawn whiteboard sketch animation frame, 16:9 widescreen. A whiteboard sketch: a single large bill on the LEFT, and a bold hand-drawn crack/fracture splitting it into six smaller bills on the RIGHT — drawn with radiating crack lines and hatching. The total area of the six bills visually matches the one big bill. A hand-drawn note: ""SAME TOTAL"". 16:9 widescreen, black ink on white, diagram sketch style."
beat_38_p03.mp4,beat_39,p03,beat_39_p03,0.2972,0.0055,beat_27_p01,"Black-and-white hand-drawn whiteboard sketch animation frame, 16:9 widescreen. A whiteboard sketch: a hand-drawn reconstruction scene — workers (stick figures) reassembling a giant bill from six small cards on an assembly table, with a blueprint labeled ""REBUILD THE BUNDLE"". One worker holds a sign: ""FRAGMENT IT."" Caption: ""THE INDUSTRY REBUILT THE BUNDLE BY FRAGMENTING IT."" — the mechanism about to be named. 16:9, black ink on white, diagram sketch style."
beat_53_p01.mp4,beat_39,p03,beat_39_p03,0.3158,0.0254,beat_54_p01,"Black-and-white hand-drawn whiteboard sketch animation frame, 16:9 widescreen. A whiteboard sketch: a hand-drawn reconstruction scene — workers (stick figures) reassembling a giant bill from six small cards on an assembly table, with a blueprint labeled ""REBUILD THE BUNDLE"". One worker holds a sign: ""FRAGMENT IT."" Caption: ""THE INDUSTRY REBUILT THE BUNDLE BY FRAGMENTING IT."" — the mechanism about to be named. 16:9, black ink on white, diagram sketch style."
beat_53_p02.mp4,beat_40,p01,beat_40_p01,0.3191,0.026,beat_63_p02,"﻿Black-and-white hand-drawn whiteboard sketch animation frame, 16:9 widescreen. A whiteboard sketch: the word ""STREAMFLATION"" drawn in huge bold black marker letters, with a hand-drawn underline and radiating emphasis lines. Beneath it, a small TV icon fused with an inflation balloon icon (a circle with an arrow pointing up). Hatch shading behind the word. The term is being introduced. 16:9 widescreen, black ink on white, documentary sketch style."
beat_06_p01.mp4,beat_40,p03,beat_40_p03,0.3205,0.0038,beat_33_p03,"Black-and-white hand-drawn whiteboard sketch animation frame, 16:9 widescreen. A whiteboard sketch: a stick figure watching their statement month after month — three small calendar frames drawn in a row, each showing a bill that grows by a tiny amount (drawn as a slightly taller bill each frame). The figure's expression stays neutral in each frame. Caption: ""EACH RAISE FELT LIKE NOTHING. THAT WAS THE DESIGN."" 16:9, black ink on white, documentary sketch style."
beat_12_p01.mp4,beat_40,p03,beat_40_p03,0.3196,0.0015,beat_20_p01,"Black-and-white hand-drawn whiteboard sketch animation frame, 16:9 widescreen. A whiteboard sketch: a stick figure watching their statement month after month — three small calendar frames drawn in a row, each showing a bill that grows by a tiny amount (drawn as a slightly taller bill each frame). The figure's expression stays neutral in each frame. Caption: ""EACH RAISE FELT LIKE NOTHING. THAT WAS THE DESIGN."" 16:9, black ink on white, documentary sketch style."
beat_31_p03.mp4,beat_40,p03,beat_40_p03,0.2685,0.002,beat_20_p01,"Black-and-white hand-drawn whiteboard sketch animation frame, 16:9 widescreen. A whiteboard sketch: a stick figure watching their statement month after month — three small calendar frames drawn in a row, each showing a bill that grows by a tiny amount (drawn as a slightly taller bill each frame). The figure's expression stays neutral in each frame. Caption: ""EACH RAISE FELT LIKE NOTHING. THAT WAS THE DESIGN."" 16:9, black ink on white, documentary sketch style."
beat_33_p04.mp4,beat_40,p03,beat_40_p03,0.2968,0.0011,beat_60_p01,"Black-and-white hand-drawn whiteboard sketch animation frame, 16:9 widescreen. A whiteboard sketch: a stick figure watching their statement month after month — three small calendar frames drawn in a row, each showing a bill that grows by a tiny amount (drawn as a slightly taller bill each frame). The figure's expression stays neutral in each frame. Caption: ""EACH RAISE FELT LIKE NOTHING. THAT WAS THE DESIGN."" 16:9, black ink on white, documentary sketch style."
beat_53_p03.mp4,beat_40,p03,beat_40_p03,0.2705,0.0185,beat_40_p02,"Black-and-white hand-drawn whiteboard sketch animation frame, 16:9 widescreen. A whiteboard sketch: a stick figure watching their statement month after month — three small calendar frames drawn in a row, each showing a bill that grows by a tiny amount (drawn as a slightly taller bill each frame). The figure's expression stays neutral in each frame. Caption: ""EACH RAISE FELT LIKE NOTHING. THAT WAS THE DESIGN."" 16:9, black ink on white, documentary sketch style."
beat_53_p04.mp4,beat_40,p03,beat_40_p03,0.3072,0.0008,beat_39_p01,"Black-and-white hand-drawn whiteboard sketch animation frame, 16:9 widescreen. A whiteboard sketch: a stick figure watching their statement month after month — three small calendar frames drawn in a row, each showing a bill that grows by a tiny amount (drawn as a slightly taller bill each frame). The figure's expression stays neutral in each frame. Caption: ""EACH RAISE FELT LIKE NOTHING. THAT WAS THE DESIGN."" 16:9, black ink on white, documentary sketch style."
beat_55_p01.mp4,beat_41,p02,beat_41_p02,0.2874,0.0475,beat_24_p02,"Black-and-white hand-drawn whiteboard sketch animation frame, 16:9 widescreen. A whiteboard sketch: a car interior in cutaway — a driver stick figure and a seat with a hand-drawn heating icon (curved lines rising from the seat), drawn bold. A small monthly fee card floats above the seat with a lock icon. A hand-drawn note: ""ALREADY INSTALLED. YOU BOUGHT THE CAR."" Caption: ""BMW TRIED CHARGING MONTHLY FOR HEATED SEATS."" 16:9 widescreen, black ink on white, documentary style."
beat_56_p02.mp4,beat_41,p04,beat_41_p04,0.282,0.0054,beat_57_p02,"Black-and-white hand-drawn whiteboard sketch animation frame, 16:9 widescreen. A whiteboard sketch: a hand-drawn podium with a trophy on top, and on the trophy a label: ""MAKING IT HARD TO LEAVE"". Around the podium, smaller objects (products) fade into the background. A hand-drawn note: ""MORE VALUABLE THAN ANY PRODUCT DECISION."" Caption: ""ONCE EVERYTHING IS A SUBSCRIPTION, THIS IS THE WINNING MOVE."" 16:9, black marker ink on white, documentary style."
beat_49_p02.mp4,beat_41,p05,beat_41_p05,0.3015,0.0008,beat_44_p02,"Black-and-white hand-drawn whiteboard sketch animation frame, 16:9 widescreen. A whiteboard sketch: a central circle labeled ""SUBSCRIBE"" with thick hand-drawn lines radiating outward to many small object icons — car, printer, doorbell, TV, phone, fridge, coffee maker — forming a web. The lines are drawn bold with hatching. Caption: ""AND NOW THE QUESTION ISN'T WHAT YOU BUY. IT'S HOW HARD IT IS TO LEAVE."" — sets up the Iliad. 16:9, black ink on white, diagram sketch style."
beat_57_p02.mp4,beat_42,p01,beat_42_p01,0.3074,0.0059,beat_42_p05,"﻿Black-and-white hand-drawn whiteboard sketch animation frame, 16:9 widescreen. A whiteboard sketch: a classical federal building with columns and a wide staircase, drawn in bold black marker with hatching on the columns, a flag on top. In the foreground, a legal document scroll labeled ""FTC v. AMAZON"" with a seal. Caption: ""IN 2023, THE FEDERAL TRADE COMMISSION SUED AMAZON."" 16:9 widescreen, black ink on white, documentary sketch style."
beat_57_p03.mp4,beat_42,p02,beat_42_p02,0.3105,0.0097,beat_51_p01,"Black-and-white hand-drawn whiteboard sketch animation frame, 16:9 widescreen. A whiteboard sketch: a website checkout screen drawn as a large rectangle — a big bold button at the top labeled ""PLACE ORDER WITH PRIME"" with radiating lines, and beneath it, small and light: a tiny line of text with a checkbox labeled ""SKIP PRIME"". A hand-drawn note: ""THE EXPENSIVE CHOICE IS THE EASY ONE."" 16:9 widescreen, black ink on white, documentary style."
beat_58_p02.mp4,beat_42,p02,beat_42_p02,0.2986,0.0014,beat_40_p03,"Black-and-white hand-drawn whiteboard sketch animation frame, 16:9 widescreen. A whiteboard sketch: a website checkout screen drawn as a large rectangle — a big bold button at the top labeled ""PLACE ORDER WITH PRIME"" with radiating lines, and beneath it, small and light: a tiny line of text with a checkbox labeled ""SKIP PRIME"". A hand-drawn note: ""THE EXPENSIVE CHOICE IS THE EASY ONE."" 16:9 widescreen, black ink on white, documentary style."
beat_11_p02.mp4,beat_42,p03,beat_42_p03,0.3024,0.0415,beat_20_p02,"Black-and-white hand-drawn whiteboard sketch animation frame, 16:9 widescreen. A whiteboard sketch: a magnifying glass over a checkout page, and within the lens, a small spider-web pattern drawn over the interface — the dark pattern. A label beneath the lens: ""REGULATORS CALL IT DARK PATTERNS."" Hatch shading on the web. 16:9, black marker ink on white, sketchy documentary style."
beat_58_p01.mp4,beat_42,p03,beat_42_p03,0.2845,0.0145,beat_58_p02,"Black-and-white hand-drawn whiteboard sketch animation frame, 16:9 widescreen. A whiteboard sketch: a magnifying glass over a checkout page, and within the lens, a small spider-web pattern drawn over the interface — the dark pattern. A label beneath the lens: ""REGULATORS CALL IT DARK PATTERNS."" Hatch shading on the web. 16:9, black marker ink on white, sketchy documentary style."
beat_58_p03.mp4,beat_43,p01,beat_43_p01,0.2902,0.0462,beat_54_p01,"﻿Black-and-white hand-drawn whiteboard sketch animation frame, 16:9 widescreen. A whiteboard sketch: a vast dense crowd of stick figures stretching across the frame to the horizon, drawn with rapid repetitive strokes forming a dark mass, and a hand-drawn label above: ""MILLIONS"". Each figure has a tiny dollar sign above their head. Caption: ""MILLIONS PAYING FOR A SUBSCRIPTION THEY NEVER KNOWINGLY STARTED."" 16:9 widescreen, black ink on white, documentary sketch style."
beat_29_p02.mp4,beat_44,p01,beat_44_p01,0.2868,0.0044,beat_18_p02,"﻿Black-and-white hand-drawn whiteboard sketch animation frame, 16:9 widescreen. A whiteboard sketch: a labyrinth drawn in bold black marker, its walls made of small rectangular UI cards — each card a screen with a tiny ""?"" on it. At the labyrinth's center, a small figure; at the far edge, a tiny exit sign. The maze fills the frame with hatching. Caption: ""TO LEAVE PRIME, YOU WALK A MAZE."" 16:9 widescreen, black ink on white, sketchy documentary style."
beat_59_p01.mp4,beat_44,p01,beat_44_p01,0.2516,0.0175,beat_33_p01,"﻿Black-and-white hand-drawn whiteboard sketch animation frame, 16:9 widescreen. A whiteboard sketch: a labyrinth drawn in bold black marker, its walls made of small rectangular UI cards — each card a screen with a tiny ""?"" on it. At the labyrinth's center, a small figure; at the far edge, a tiny exit sign. The maze fills the frame with hatching. Caption: ""TO LEAVE PRIME, YOU WALK A MAZE."" 16:9 widescreen, black ink on white, sketchy documentary style."
beat_57_p01.mp4,beat_44,p02,beat_44_p02,0.2753,0.007,beat_24_p03,"Black-and-white hand-drawn whiteboard sketch animation frame, 16:9 widescreen. A whiteboard sketch: a screen showing a list of benefit icons with sad faces drawn on them: a delivery box, a streaming play button, a music note, a book — each with a small ""YOU'LL LOSE THIS"" label. A figure at the screen hesitates. Caption: ""REMINDERS OF EVERYTHING YOU'D LOSE."" 16:9 widescreen, black ink on white, documentary style."
beat_59_p02.mp4,beat_44,p02,beat_44_p02,0.2725,0.0074,beat_33_p05,"Black-and-white hand-drawn whiteboard sketch animation frame, 16:9 widescreen. A whiteboard sketch: a screen showing a list of benefit icons with sad faces drawn on them: a delivery box, a streaming play button, a music note, a book — each with a small ""YOU'LL LOSE THIS"" label. A figure at the screen hesitates. Caption: ""REMINDERS OF EVERYTHING YOU'D LOSE."" 16:9 widescreen, black ink on white, documentary style."
beat_61_p01.mp4,beat_46,p01,beat_46_p01,0.2854,0.0112,beat_45_p01,"﻿Black-and-white hand-drawn whiteboard sketch animation frame, 16:9 widescreen. A whiteboard sketch: a library shelf with the classic tome labeled ""ILIAD — HOMER"" standing prominently, drawn in bold strokes with radiating lines. A stick-figure hand reaches for it. Hatch shading on the shelf. Caption: ""A POEM ABOUT A WAR THAT LASTED TEN YEARS."" 16:9 widescreen, black ink on white, documentary sketch style."
beat_61_p02.mp4,beat_46,p02,beat_46_p02,0.2486,0.0135,beat_33_p02,"Black-and-white hand-drawn whiteboard sketch animation frame, 16:9 widescreen. A whiteboard sketch: the phrase ""NOT AN ACCIDENT"" drawn in bold marker with a slash through the word ""coincidence"" written smaller and crossed out beneath. A small magnifying glass over a document with ""ILIAD"" on it. Caption: ""NOT A TRANSLATION SLIP. NOT A NAMING COINCIDENCE."" 16:9 widescreen, black ink on white, sketchy documentary style."
beat_24_p04.mp4,beat_46,p03,beat_46_p03,0.3002,0.0086,beat_12_p01,"Black-and-white hand-drawn whiteboard sketch animation frame, 16:9 widescreen. A whiteboard sketch: the cancellation maze drawn faintly across the whole frame, and standing before it a small stick figure — the customer — with a small thought bubble showing the word ""ILIAD"". The tone is quiet and unsettling. Caption: ""THE CUSTOMER WALKED THE EPIC. THE COMPANY WROTE IT."" 16:9, black marker ink on white, documentary sketch style."
beat_62_p01.mp4,beat_46,p03,beat_46_p03,0.2754,0.0239,beat_29_p02,"Black-and-white hand-drawn whiteboard sketch animation frame, 16:9 widescreen. A whiteboard sketch: the cancellation maze drawn faintly across the whole frame, and standing before it a small stick figure — the customer — with a small thought bubble showing the word ""ILIAD"". The tone is quiet and unsettling. Caption: ""THE CUSTOMER WALKED THE EPIC. THE COMPANY WROTE IT."" 16:9, black marker ink on white, documentary sketch style."
beat_15_p01.mp4,beat_47,p01,beat_47_p01,0.346,0.0077,beat_58_p04,"﻿Black-and-white hand-drawn whiteboard sketch animation frame, 16:9 widescreen. A whiteboard sketch: a courtroom scene that abruptly transforms — on the LEFT, the jury box and bench drawn solid; on the RIGHT, the same scene replaced by a settlement table with documents, drawn with a bold dividing arrow labeled ""SETTLED"". The trial stops mid-frame. 16:9 widescreen, black ink on white, diagram sketch style."
beat_30_p02.mp4,beat_47,p01,beat_47_p01,0.339,0.0028,beat_56_p01,"﻿Black-and-white hand-drawn whiteboard sketch animation frame, 16:9 widescreen. A whiteboard sketch: a courtroom scene that abruptly transforms — on the LEFT, the jury box and bench drawn solid; on the RIGHT, the same scene replaced by a settlement table with documents, drawn with a bold dividing arrow labeled ""SETTLED"". The trial stops mid-frame. 16:9 widescreen, black ink on white, diagram sketch style."
beat_33_p01.mp4,beat_47,p01,beat_47_p01,0.3044,0.003,beat_64_p02,"﻿Black-and-white hand-drawn whiteboard sketch animation frame, 16:9 widescreen. A whiteboard sketch: a courtroom scene that abruptly transforms — on the LEFT, the jury box and bench drawn solid; on the RIGHT, the same scene replaced by a settlement table with documents, drawn with a bold dividing arrow labeled ""SETTLED"". The trial stops mid-frame. 16:9 widescreen, black ink on white, diagram sketch style."
beat_62_p02.mp4,beat_47,p01,beat_47_p01,0.346,0.0304,beat_31_p04,"﻿Black-and-white hand-drawn whiteboard sketch animation frame, 16:9 widescreen. A whiteboard sketch: a courtroom scene that abruptly transforms — on the LEFT, the jury box and bench drawn solid; on the RIGHT, the same scene replaced by a settlement table with documents, drawn with a bold dividing arrow labeled ""SETTLED"". The trial stops mid-frame. 16:9 widescreen, black ink on white, diagram sketch style."
beat_63_p02.mp4,beat_48,p02,beat_48_p02,0.3449,0.055,beat_60_p01,"Black-and-white hand-drawn whiteboard sketch animation frame, 16:9 widescreen. A whiteboard sketch: a tower built of stacked coins labeled ""$1B"", drawn tall and solid with hatching, standing beside a government building icon. A ruler drawn beside the tower marks its height as a record. Caption: ""A RECORD PENALTY."" 16:9 widescreen, black ink on white, diagram style."
beat_64_p02.mp4,beat_49,p01,beat_49_p01,0.3208,0.0352,beat_42_p05,"﻿Black-and-white hand-drawn whiteboard sketch animation frame, 16:9 widescreen. A whiteboard sketch: two legal documents side by side — the first labeled ""FTC v. AMAZON"" with a checkmark, the second labeled ""DOJ v. ADOBE — JUNE 2024"" drawn bolder with radiating lines. A hand-drawn note between them: ""NOT ALONE"". Caption: ""AMAZON WAS NOT ALONE."" 16:9 widescreen, black ink on white, documentary sketch style."
beat_65_p01.mp4,beat_49,p02,beat_49_p02,0.3141,0.0092,beat_49_p03,"Black-and-white hand-drawn whiteboard sketch animation frame, 16:9 widescreen. A whiteboard sketch: a magnifying glass held over a document's fine print — dense tiny scribbled lines drawn as micro-strokes, with one hidden phrase readable under the lens: ""TERMINATION FEE APPLIES"". The lens reveals what the eye misses. Caption: ""IN FINE PRINT, BEHIND OPTIONAL BOXES AND LINKS."" 16:9 widescreen, black ink on white, documentary style."
beat_66_p01.mp4,beat_50,p03,beat_50_p03,0.3422,0.0096,beat_20_p01,"Black-and-white hand-drawn whiteboard sketch animation frame, 16:9 widescreen. A whiteboard sketch: a quiet settlement room — a table with a document labeled ""SETTLEMENT — $75M"", two chairs, a window showing the courthouse faintly. A pen rests on the document. The scene is still and final. Caption: ""PAID. SIGNED. CLOSED."" — the chapter's end. 16:9, black marker ink on white, documentary sketch style."
beat_02_p01.mp4,beat_51,p01,beat_51_p01,0.2644,0.0063,beat_44_p01,"﻿Black-and-white hand-drawn whiteboard sketch animation frame, 16:9 widescreen. A whiteboard sketch: two doors drawn side by side — one labeled ""PRIME EXIT"" with a maze pattern on it, one labeled ""ADOBE EXIT"" with a fine-print pattern on it — and behind both doors, drawn connected, the same hand-drawn mechanism: a single heavy gear. Caption: ""DIFFERENT DOORS. ONE MACHINE."" 16:9 widescreen, black ink on white, sketchy documentary style."
beat_60_p01.mp4,beat_51,p01,beat_51_p01,0.2539,0.0028,beat_44_p01,"﻿Black-and-white hand-drawn whiteboard sketch animation frame, 16:9 widescreen. A whiteboard sketch: two doors drawn side by side — one labeled ""PRIME EXIT"" with a maze pattern on it, one labeled ""ADOBE EXIT"" with a fine-print pattern on it — and behind both doors, drawn connected, the same hand-drawn mechanism: a single heavy gear. Caption: ""DIFFERENT DOORS. ONE MACHINE."" 16:9 widescreen, black ink on white, sketchy documentary style."
beat_66_p02.mp4,beat_51,p01,beat_51_p01,0.2993,0.0398,beat_22_p02,"﻿Black-and-white hand-drawn whiteboard sketch animation frame, 16:9 widescreen. A whiteboard sketch: two doors drawn side by side — one labeled ""PRIME EXIT"" with a maze pattern on it, one labeled ""ADOBE EXIT"" with a fine-print pattern on it — and behind both doors, drawn connected, the same hand-drawn mechanism: a single heavy gear. Caption: ""DIFFERENT DOORS. ONE MACHINE."" 16:9 widescreen, black ink on white, sketchy documentary style."
beat_67_p01.mp4,beat_52,p01,beat_52_p01,0.3001,0.0048,beat_53_p01,"﻿Black-and-white hand-drawn whiteboard sketch animation frame, 16:9 widescreen. A whiteboard sketch: a wall with the words ""SURELY SOMEBODY WROTE A RULE?"" written in bold hand-drawn marker with a large question mark, radiating lines around it. A stick figure stands before the wall, hand on chin. Caption: ""THE OBVIOUS QUESTION."" 16:9 widescreen, black ink on white, documentary sketch style."
beat_02_p02.mp4,beat_53,p01,beat_53_p01,0.3716,0.0518,beat_56_p01,"﻿Black-and-white hand-drawn whiteboard sketch animation frame, 16:9 widescreen. A whiteboard sketch: the words ""CLICK-TO-CANCEL"" drawn in bold black marker letters, centered, with a hand-drawn underline and radiating emphasis lines. Beneath, smaller text: ""THE RULE"". Hatch shading behind the title. The frame names the rule. 16:9 widescreen, black ink on white, documentary sketch style."
beat_05_p01.mp4,beat_53,p01,beat_53_p01,0.3155,0.002,beat_53_p04,"﻿Black-and-white hand-drawn whiteboard sketch animation frame, 16:9 widescreen. A whiteboard sketch: the words ""CLICK-TO-CANCEL"" drawn in bold black marker letters, centered, with a hand-drawn underline and radiating emphasis lines. Beneath, smaller text: ""THE RULE"". Hatch shading behind the title. The frame names the rule. 16:9 widescreen, black ink on white, documentary sketch style."
beat_05_p02.mp4,beat_53,p01,beat_53_p01,0.2985,0.0235,beat_56_p01,"﻿Black-and-white hand-drawn whiteboard sketch animation frame, 16:9 widescreen. A whiteboard sketch: the words ""CLICK-TO-CANCEL"" drawn in bold black marker letters, centered, with a hand-drawn underline and radiating emphasis lines. Beneath, smaller text: ""THE RULE"". Hatch shading behind the title. The frame names the rule. 16:9 widescreen, black ink on white, documentary sketch style."
beat_13_p01.mp4,beat_53,p01,beat_53_p01,0.3461,0.0541,beat_58_p04,"﻿Black-and-white hand-drawn whiteboard sketch animation frame, 16:9 widescreen. A whiteboard sketch: the words ""CLICK-TO-CANCEL"" drawn in bold black marker letters, centered, with a hand-drawn underline and radiating emphasis lines. Beneath, smaller text: ""THE RULE"". Hatch shading behind the title. The frame names the rule. 16:9 widescreen, black ink on white, documentary sketch style."
beat_39_p01.mp4,beat_53,p01,beat_53_p01,0.3078,0.0013,beat_33_p01,"﻿Black-and-white hand-drawn whiteboard sketch animation frame, 16:9 widescreen. A whiteboard sketch: the words ""CLICK-TO-CANCEL"" drawn in bold black marker letters, centered, with a hand-drawn underline and radiating emphasis lines. Beneath, smaller text: ""THE RULE"". Hatch shading behind the title. The frame names the rule. 16:9 widescreen, black ink on white, documentary sketch style."
beat_39_p02.mp4,beat_53,p01,beat_53_p01,0.3039,0.0113,beat_33_p01,"﻿Black-and-white hand-drawn whiteboard sketch animation frame, 16:9 widescreen. A whiteboard sketch: the words ""CLICK-TO-CANCEL"" drawn in bold black marker letters, centered, with a hand-drawn underline and radiating emphasis lines. Beneath, smaller text: ""THE RULE"". Hatch shading behind the title. The frame names the rule. 16:9 widescreen, black ink on white, documentary sketch style."
beat_03_p01.mp4,beat_53,p03,beat_53_p03,0.2808,0.0172,beat_66_p02,"Black-and-white hand-drawn whiteboard sketch animation frame, 16:9 widescreen. A whiteboard sketch: a single website window drawn as a rectangle, with two doors on it — one labeled ""SIGN UP"" and one labeled ""CANCEL"" — both drawn the same size and same boldness. A hand-drawn note: ""ON THE SAME WEBSITE"". Caption: ""WHATEVER EFFORT TO BEGIN — NO MORE TO END."" 16:9 widescreen, black ink on white, diagram sketch style."
beat_03_p02.mp4,beat_53,p04,beat_53_p04,0.3372,0.028,beat_47_p01,"Black-and-white hand-drawn whiteboard sketch animation frame, 16:9 widescreen. A whiteboard sketch: the rule document standing on a government desk, with a small balanced scale on one side and a stack of law books on the other, a flag behind. Radiating lines from the document. Caption: ""THE SYMMETRY RULE — ABOUT TO TAKE EFFECT."" — the calm before the twist. 16:9, black marker ink on white, sketchy documentary style."
beat_08_p02.mp4,beat_53,p04,beat_53_p04,0.2936,0.0004,beat_56_p01,"Black-and-white hand-drawn whiteboard sketch animation frame, 16:9 widescreen. A whiteboard sketch: the rule document standing on a government desk, with a small balanced scale on one side and a stack of law books on the other, a flag behind. Radiating lines from the document. Caption: ""THE SYMMETRY RULE — ABOUT TO TAKE EFFECT."" — the calm before the twist. 16:9, black marker ink on white, sketchy documentary style."
beat_04_p01.mp4,beat_54,p01,beat_54_p01,0.3749,0.047,beat_39_p03,"﻿Black-and-white hand-drawn whiteboard sketch animation frame, 16:9 widescreen. A whiteboard sketch: two groups of stick figures facing each other across a dividing line — on the LEFT, a small group labeled ""FTC"" (drawn with a flag); on the RIGHT, a large dense group of figures labeled ""INDUSTRY"" with building icons behind them. The right group is bigger. Caption: ""A LARGE PART OF AMERICAN INDUSTRY ON THE OTHER SIDE."" 16:9 widescreen, black ink on white, diagram sketch style."
beat_20_p02.mp4,beat_54,p01,beat_54_p01,0.3121,0.0106,beat_13_p01,"﻿Black-and-white hand-drawn whiteboard sketch animation frame, 16:9 widescreen. A whiteboard sketch: two groups of stick figures facing each other across a dividing line — on the LEFT, a small group labeled ""FTC"" (drawn with a flag); on the RIGHT, a large dense group of figures labeled ""INDUSTRY"" with building icons behind them. The right group is bigger. Caption: ""A LARGE PART OF AMERICAN INDUSTRY ON THE OTHER SIDE."" 16:9 widescreen, black ink on white, diagram sketch style."
beat_58_p04.mp4,beat_54,p01,beat_54_p01,0.3213,0.0009,beat_43_p02,"﻿Black-and-white hand-drawn whiteboard sketch animation frame, 16:9 widescreen. A whiteboard sketch: two groups of stick figures facing each other across a dividing line — on the LEFT, a small group labeled ""FTC"" (drawn with a flag); on the RIGHT, a large dense group of figures labeled ""INDUSTRY"" with building icons behind them. The right group is bigger. Caption: ""A LARGE PART OF AMERICAN INDUSTRY ON THE OTHER SIDE."" 16:9 widescreen, black ink on white, diagram sketch style."
beat_13_p02.mp4,beat_56,p01,beat_56_p01,0.309,0.0386,beat_53_p01,"﻿Black-and-white hand-drawn whiteboard sketch animation frame, 16:9 widescreen. A whiteboard sketch: the words ""NOT WRONG"" drawn in bold black marker with a heavy underline, and a small gavel icon beside them with a checkmark — the court agreeing with the rule's substance. Hatch shading behind the words. Caption: ""THE COURT DID NOT RULE THAT CLICK-TO-CANCEL WAS WRONG."" 16:9 widescreen, black ink on white, documentary sketch style."
beat_23_p01.mp4,beat_56,p01,beat_56_p01,0.3098,0.0073,beat_47_p01,"﻿Black-and-white hand-drawn whiteboard sketch animation frame, 16:9 widescreen. A whiteboard sketch: the words ""NOT WRONG"" drawn in bold black marker with a heavy underline, and a small gavel icon beside them with a checkmark — the court agreeing with the rule's substance. Hatch shading behind the words. Caption: ""THE COURT DID NOT RULE THAT CLICK-TO-CANCEL WAS WRONG."" 16:9 widescreen, black ink on white, documentary sketch style."
beat_35_p01.mp4,beat_56,p01,beat_56_p01,0.3183,0.0048,beat_20_p01,"﻿Black-and-white hand-drawn whiteboard sketch animation frame, 16:9 widescreen. A whiteboard sketch: the words ""NOT WRONG"" drawn in bold black marker with a heavy underline, and a small gavel icon beside them with a checkmark — the court agreeing with the rule's substance. Hatch shading behind the words. Caption: ""THE COURT DID NOT RULE THAT CLICK-TO-CANCEL WAS WRONG."" 16:9 widescreen, black ink on white, documentary sketch style."
beat_36_p01.mp4,beat_56,p01,beat_56_p01,0.3071,0.0001,beat_20_p01,"﻿Black-and-white hand-drawn whiteboard sketch animation frame, 16:9 widescreen. A whiteboard sketch: the words ""NOT WRONG"" drawn in bold black marker with a heavy underline, and a small gavel icon beside them with a checkmark — the court agreeing with the rule's substance. Hatch shading behind the words. Caption: ""THE COURT DID NOT RULE THAT CLICK-TO-CANCEL WAS WRONG."" 16:9 widescreen, black ink on white, documentary sketch style."
beat_06_p02.mp4,beat_57,p02,beat_57_p02,0.297,0.0076,beat_39_p03,"Black-and-white hand-drawn whiteboard sketch animation frame, 16:9 widescreen. A whiteboard sketch: a long horizontal timeline with many small document icons along it — years of work — each with a small checkmark, and at the end of the timeline, a single bold slash and the word ""VACATED"". The accumulation vs the ending. Caption: ""YEARS OF RULEMAKING — UNDONE BY A MISSING ANALYSIS."" 16:9 widescreen, black ink on white, diagram sketch style."
beat_07_p01.mp4,beat_57,p02,beat_57_p02,0.3179,0.011,beat_57_p03,"Black-and-white hand-drawn whiteboard sketch animation frame, 16:9 widescreen. A whiteboard sketch: a long horizontal timeline with many small document icons along it — years of work — each with a small checkmark, and at the end of the timeline, a single bold slash and the word ""VACATED"". The accumulation vs the ending. Caption: ""YEARS OF RULEMAKING — UNDONE BY A MISSING ANALYSIS."" 16:9 widescreen, black ink on white, diagram sketch style."
beat_30_p04.mp4,beat_57,p02,beat_57_p02,0.3202,0.0037,beat_65_p01,"Black-and-white hand-drawn whiteboard sketch animation frame, 16:9 widescreen. A whiteboard sketch: a long horizontal timeline with many small document icons along it — years of work — each with a small checkmark, and at the end of the timeline, a single bold slash and the word ""VACATED"". The accumulation vs the ending. Caption: ""YEARS OF RULEMAKING — UNDONE BY A MISSING ANALYSIS."" 16:9 widescreen, black ink on white, diagram sketch style."
beat_42_p01.mp4,beat_57,p02,beat_57_p02,0.3302,0.0011,beat_20_p01,"Black-and-white hand-drawn whiteboard sketch animation frame, 16:9 widescreen. A whiteboard sketch: a long horizontal timeline with many small document icons along it — years of work — each with a small checkmark, and at the end of the timeline, a single bold slash and the word ""VACATED"". The accumulation vs the ending. Caption: ""YEARS OF RULEMAKING — UNDONE BY A MISSING ANALYSIS."" 16:9 widescreen, black ink on white, diagram sketch style."
beat_47_p01.mp4,beat_57,p02,beat_57_p02,0.2889,0.003,beat_18_p03,"Black-and-white hand-drawn whiteboard sketch animation frame, 16:9 widescreen. A whiteboard sketch: a long horizontal timeline with many small document icons along it — years of work — each with a small checkmark, and at the end of the timeline, a single bold slash and the word ""VACATED"". The accumulation vs the ending. Caption: ""YEARS OF RULEMAKING — UNDONE BY A MISSING ANALYSIS."" 16:9 widescreen, black ink on white, diagram sketch style."
beat_52_p02.mp4,beat_57,p02,beat_57_p02,0.3179,0.0123,beat_18_p03,"Black-and-white hand-drawn whiteboard sketch animation frame, 16:9 widescreen. A whiteboard sketch: a long horizontal timeline with many small document icons along it — years of work — each with a small checkmark, and at the end of the timeline, a single bold slash and the word ""VACATED"". The accumulation vs the ending. Caption: ""YEARS OF RULEMAKING — UNDONE BY A MISSING ANALYSIS."" 16:9 widescreen, black ink on white, diagram sketch style."
beat_07_p02.mp4,beat_58,p01,beat_58_p01,0.3159,0.0071,beat_30_p01,"﻿Black-and-white hand-drawn whiteboard sketch animation frame, 16:9 widescreen. A whiteboard sketch: a government desk drawn in bold strokes with an empty document stand on it — a blank spot where the rule should be — a calendar on the wall showing ""2026"". The empty stand is the subject, drawn with a small radiating line. Caption: ""AS OF NOW, IN 2026, THERE IS NO FEDERAL CLICK-TO-CANCEL RULE IN EFFECT."" 16:9 widescreen, black ink on white, documentary sketch style."
beat_08_p01.mp4,beat_58,p02,beat_58_p02,0.3219,0.0498,beat_54_p01,"Black-and-white hand-drawn whiteboard sketch animation frame, 16:9 widescreen. A whiteboard sketch: a simple map of the United States drawn in bold strokes — a dashed outline of the country — with several scattered small law-book icons on individual states, each with a checkmark. A hand-drawn label: ""INDIVIDUAL STATES HAVE THEIR OWN LAWS"". 16:9, black marker ink on white, sketchy documentary style."
beat_54_p01.mp4,beat_58,p02,beat_58_p02,0.2821,0.0111,beat_54_p01,"Black-and-white hand-drawn whiteboard sketch animation frame, 16:9 widescreen. A whiteboard sketch: a simple map of the United States drawn in bold strokes — a dashed outline of the country — with several scattered small law-book icons on individual states, each with a checkmark. A hand-drawn label: ""INDIVIDUAL STATES HAVE THEIR OWN LAWS"". 16:9, black marker ink on white, sketchy documentary style."
beat_10_p01.mp4,beat_60,p01,beat_60_p01,0.2998,0.0331,beat_22_p03,"﻿Black-and-white hand-drawn whiteboard sketch animation frame, 16:9 widescreen. A whiteboard sketch: a vertical meter drawn in bold strokes labeled ""PROFIT"" with the needle pinned at the top, and a small caption on the meter: ""THE DESIGN WORKS"". A small chart of rising coins beside it. Caption: ""PROFITABLE — IT PAID."" 16:9 widescreen, black ink on white, diagram sketch style."
beat_17_p03.mp4,beat_60,p01,beat_60_p01,0.2934,0.0106,beat_09_p01,"﻿Black-and-white hand-drawn whiteboard sketch animation frame, 16:9 widescreen. A whiteboard sketch: a vertical meter drawn in bold strokes labeled ""PROFIT"" with the needle pinned at the top, and a small caption on the meter: ""THE DESIGN WORKS"". A small chart of rising coins beside it. Caption: ""PROFITABLE — IT PAID."" 16:9 widescreen, black ink on white, diagram sketch style."
beat_20_p03.mp4,beat_60,p01,beat_60_p01,0.3043,0.0041,beat_32_p02,"﻿Black-and-white hand-drawn whiteboard sketch animation frame, 16:9 widescreen. A whiteboard sketch: a vertical meter drawn in bold strokes labeled ""PROFIT"" with the needle pinned at the top, and a small caption on the meter: ""THE DESIGN WORKS"". A small chart of rising coins beside it. Caption: ""PROFITABLE — IT PAID."" 16:9 widescreen, black ink on white, diagram sketch style."
beat_22_p02.mp4,beat_60,p01,beat_60_p01,0.2829,0.0053,beat_39_p01,"﻿Black-and-white hand-drawn whiteboard sketch animation frame, 16:9 widescreen. A whiteboard sketch: a vertical meter drawn in bold strokes labeled ""PROFIT"" with the needle pinned at the top, and a small caption on the meter: ""THE DESIGN WORKS"". A small chart of rising coins beside it. Caption: ""PROFITABLE — IT PAID."" 16:9 widescreen, black ink on white, diagram sketch style."
beat_50_p03.mp4,beat_60,p01,beat_60_p01,0.2898,0.0087,beat_29_p01,"﻿Black-and-white hand-drawn whiteboard sketch animation frame, 16:9 widescreen. A whiteboard sketch: a vertical meter drawn in bold strokes labeled ""PROFIT"" with the needle pinned at the top, and a small caption on the meter: ""THE DESIGN WORKS"". A small chart of rising coins beside it. Caption: ""PROFITABLE — IT PAID."" 16:9 widescreen, black ink on white, diagram sketch style."
beat_10_p02.mp4,beat_61,p01,beat_61_p01,0.3328,0.0043,beat_67_p01,"﻿Black-and-white hand-drawn whiteboard sketch animation frame, 16:9 widescreen. A whiteboard sketch: the EXACT same wide empty gym from the opening — rows of treadmills receding, mirrored wall, hanging ceiling lights, dim hatching in the corners — drawn in bold black marker on white board. One tiny figure on a single treadmill, small in frame. The composition matches the cold open precisely. 16:9 widescreen, black ink on white, documentary sketch style."
beat_19_p02.mp4,beat_61,p02,beat_61_p02,0.2711,0.0021,beat_67_p01,"Black-and-white hand-drawn whiteboard sketch animation frame, 16:9 widescreen. A whiteboard sketch: the wide empty gym from the opening, held one final time — rows of machines, one small figure far away on a treadmill, dim light, everything quiet. The frame is identical to the first but the meaning has inverted: not missing demand — a machine. Fading hatching in the corners. 16:9 widescreen, black marker ink on white, documentary sketch style."
beat_15_p02.mp4,beat_62,p01,beat_62_p01,0.2812,0.0205,beat_33_p03,"﻿Black-and-white hand-drawn whiteboard sketch animation frame, 16:9 widescreen. A storefront from an older era drawn in bold black marker ink on white board: a shop with a hand-lettered hanging sign, a counter, shelves of goods behind the window. Outside stands one stick-figure customer handing a coin to the shopkeeper across the counter. A hand-drawn arrow arcs from the customer to the shopkeeper labeled ""PAY"", and a second arrow arcs back labeled ""RECEIVE"". The arrows meet in the middle in a clean loop. Loose sketchy confident marker linework, light hatching under the counter for depth. Composition centered on the two arrows. Hand-drawn caption bottom: ""THE LINK"". Pure black ink on white, no color, documentary sketch style."
beat_24_p05.mp4,beat_64,p02,beat_64_p02,0.3185,0.0009,beat_09_p01,"Black-and-white hand-drawn whiteboard sketch animation frame, 16:9 widescreen. A whiteboard drawing of a machine built from hand-drawn gears and pipes in black marker ink on white board. Input side (left): a small stick-figure customer's head with a single wavy line emerging from the ear labeled ""ATTENTION"" — the line flows into the machine. The machine is drawn as nested cogs, a funnel, a conveyor belt of tiny identical bills. Output side (right): a stack of coins and bills with a bold ""$"" marker. Above the machine a hand-drawn plaque reads ""ATTENTION → REVENUE"". Beneath, a small caption: ""YOUR INATTENTION IS THE RAW MATERIAL"". Cross-hatching for mechanical depth. Pure black ink on white board, 16:9 widescreen, documentary sketch style."
beat_17_p04.mp4,beat_65,p01,beat_65_p01,0.2572,0.0082,beat_15_p02,"﻿Black-and-white hand-drawn whiteboard sketch animation frame, 16:9 widescreen. A hand-drawn smartphone held by a stick-figure hand, drawn in bold black marker ink on white board. The phone's screen shows a banking app drawn as a clean white rectangle with a list of line items — small dashes and tiny digits — and a magnifying glass icon in the corner to suggest a search. Around the phone, sketchy action lines suggest motion. The background is a soft hand-drawn whiteboard surface with faint pre-printed lines. Light hatching under the phone for a drop shadow. Hand-drawn caption below the phone: ""OPEN YOUR BANKING APP"". Composition centered, documentary sketch style, black ink only on white, 16:9 widescreen."
beat_65_p03.mp4,beat_65,p03,beat_65_p03,0.2874,0.0005,beat_50_p02,"Black-and-white hand-drawn whiteboard sketch animation frame, 16:9 widescreen. A whiteboard drawing of a calendar grid in black marker ink on white board, twelve month-columns sketched across the top. Down each column, a row of identical small coin circles repeats at the same position — drawn with faint dashed arrows connecting them horizontally across all twelve columns, showing the same amount hitting on the same date every month. A small stick-figure hand draws the last circle with a marker. Hand-drawn caption below: ""EVERY ONE IS A DECISION YOU MADE ONCE."" Light hatching for depth. Pure black ink on white, 16:9 widescreen, documentary sketch style."
beat_18_p03.mp4,beat_66,p02,beat_66_p02,0.2969,0.015,beat_15_p02,"Black-and-white hand-drawn whiteboard sketch animation frame, 16:9 widescreen. Minimalist whiteboard payoff card drawn in bold black marker ink: a large hand-drawn checkmark and X drawn side by side at the top, bold and clean. Below them, two hand-written lines: ""KEEP"" with a small check, and ""CANCEL"" with a small X. Beneath that, a single hand-drawn arrow pointing down to the words ""THAT'S A CHOICE"" in large heavy marker lettering. The composition is stark, mostly white board, a single small stick-figure at the bottom corner giving a small thumbs-up. Light hatching behind the lettering for weight. Pure black ink on white, no color, 16:9 widescreen, documentary sketch style."
beat_19_p01.mp4,beat_66,p02,beat_66_p02,0.287,0.0182,beat_53_p01,"Black-and-white hand-drawn whiteboard sketch animation frame, 16:9 widescreen. Minimalist whiteboard payoff card drawn in bold black marker ink: a large hand-drawn checkmark and X drawn side by side at the top, bold and clean. Below them, two hand-written lines: ""KEEP"" with a small check, and ""CANCEL"" with a small X. Beneath that, a single hand-drawn arrow pointing down to the words ""THAT'S A CHOICE"" in large heavy marker lettering. The composition is stark, mostly white board, a single small stick-figure at the bottom corner giving a small thumbs-up. Light hatching behind the lettering for weight. Pure black ink on white, no color, 16:9 widescreen, documentary sketch style."
